体育,财经,财经,D
科技,体育,军事,E
娱乐,购物,体育,A
生活,教育,娱乐,D
军事,科技,购物,M
生活,教育,-1,E
购物,体育,其他,A
女性健康,教育,财经,D
财经,娱乐,军事,E
女性健康,科技,科技,D
军事,教育,军事,E
教育,体育,体育,D
体育,科技,财经,D
女性健康,购物,娱乐,E
其他,生活,生活,E
体育,教育,女性健康,M
娱乐,体育,其他,D
生活,体育,科技,D
教育,其他,体育,E
购物,社会,社会,M
财经,社会,娱乐,M
社会,体育,其他,A
体育,娱乐,娱乐,D
军事,财经,科技,D
购物,财经,科技,A
娱乐,社会,科技,E
女性健康,科技,科技,D
生活,女性健康,财经,M
购物,购物,-1,A
社会,军事,社会,M
社会,科技,体育,A
生活,其他,其他,E
其他,科技,科技,M
购物,教育,女性健康,D
军事,生活,女性健康,D
军事,教育,财经,D
购物,军事,生活,E
军事,体育,其他,E
科技,女性健康,体育,A
教育,娱乐,体育,A
教育,其他,科技,D
娱乐,军事,财经,M
生活,军事,科技,D
娱乐,教育,社会,E
社会,购物,教育,D
军事,其他,社会,D
教育,科技,军事,D
其他,购物,娱乐,E
女性健康,教育,军事,E
女性健康,其他,科技,D
军事,科技,购物,E
生活,其他,女性健康,A
娱乐,财经,购物,D
体育,军事,娱乐,A
娱乐,教育,女性健康,M
生活,社会,军事,A
军事,科技,教育,M
生活,女性健康,购物,M
其他,娱乐,女性健康,A
军事,其他,其他,E
娱乐,生活,女性健康,E
财经,体育,其他,A
体育,科技,科技,M
生活,社会,科技,D
娱乐,财经,财经,A
购物,科技,科技,A
购物,女性健康,体育,E
财经,体育,社会,A
体育,科技,生活,M
财经,军事,购物,A
财经,体育,军事,E
其他,军事,购物,A
购物,体育,生活,M
财经,教育,其他,E
娱乐,其他,购物,M
女性健康,其他,生活,M
社会,科技,科技,E
购物,购物,-1,M
娱乐,生活,生活,M
军事,体育,科技,D
科技,购物,体育,D
女性健康,社会,购物,M
科技,购物,购物,M
科技,购物,购物,E
购物,军事,社会,D
社会,购物,娱乐,M
其他,科技,科技,M
教育,生活,娱乐,D
娱乐,女性健康,女性健康,M
军事,社会,购物,D
社会,生活,娱乐,E
娱乐,财经,教育,E
军事,购物,购物,E
生活,女性健康,女性健康,E
科技,娱乐,娱乐,E
教育,生活,女性健康,M
娱乐,购物,生活,A
军事,购物,购物,D
其他,女性健康,娱乐,D
娱乐,体育,其他,D
军事,其他,体育,M
生活,科技,军事,D
其他,财经,体育,D
购物,科技,科技,A
军事,财经,购物,E
社会,购物,生活,A
生活,购物,科技,A
娱乐,军事,-1,M
体育,财经,其他,A
体育,其他,教育,D
社会,教育,其他,M
女性健康,体育,体育,M
军事,科技,其他,M
军事,购物,体育,M
军事,生活,社会,A
军事,生活,体育,E
其他,女性健康,女性健康,D
教育,购物,军事,E
生活,生活,-1,M
购物,生活,教育,D
财经,女性健康,购物,E
社会,财经,其他,A
教育,生活,购物,M
生活,军事,女性健康,A
教育,财经,社会,D
生活,娱乐,军事,E
社会,生活,科技,E
社会,其他,女性健康,D
其他,购物,-1,D
科技,社会,其他,E
体育,科技,生活,A
生活,社会,体育,D
女性健康,科技,体育,A
社会,财经,科技,M
军事,科技,其他,E
女性健康,军事,财经,D
科技,军事,军事,M
体育,科技,科技,A
女性健康,军事,娱乐,D
体育,军事,社会,E
教育,购物,科技,E
生活,社会,体育,D
购物,生活,社会,E
财经,女性健康,女性健康,E
科技,其他,军事,M
军事,其他,财经,D
财经,军事,财经,A
教育,生活,体育,D
娱乐,科技,-1,M
社会,娱乐,娱乐,E
购物,女性健康,娱乐,M
购物,其他,科技,E
其他,购物,娱乐,D
教育,娱乐,生活,M
生活,娱乐,社会,A
体育,购物,教育,M
娱乐,购物,女性健康,A
娱乐,生活,教育,A
财经,社会,军事,A
其他,体育,科技,A
其他,军事,科技,M
体育,社会,娱乐,E
生活,其他,财经,A
军事,科技,生活,E
社会,女性健康,女性健康,A
其他,财经,-1,A
教育,购物,购物,A
生活,其他,教育,D
科技,生活,科技,E
教育,科技,其他,E
教育,其他,体育,M
生活,体育,体育,E
军事,社会,教育,E
女性健康,体育,体育,E
社会,生活,财经,D
体育,社会,财经,A
女性健康,科技,科技,A
其他,军事,体育,D
女性健康,军事,社会,M
财经,体育,教育,A
体育,其他,女性健康,A
女性健康,科技,女性健康,E
财经,社会,娱乐,M
体育,财经,女性健康,A
购物,体育,女性健康,A
财经,科技,女性健康,A
女性健康,教育,购物,A
生活,教育,军事,M
其他,教育,-1,M
娱乐,其他,生活,D
娱乐,教育,教育,D
生活,教育,其他,D
财经,社会,购物,D
军事,购物,体育,D
其他,生活,财经,E
娱乐,购物,教育,M
女性健康,娱乐,体育,E
女性健康,娱乐,女性健康,A
生活,娱乐,娱乐,A
社会,财经,教育,A
购物,科技,女性健康,M
购物,社会,娱乐,A
科技,购物,社会,D
购物,娱乐,体育,M
购物,生活,生活,M
教育,购物,军事,A
军事,科技,军事,A
购物,财经,体育,A
其他,体育,科技,D
其他,女性健康,女性健康,M
财经,社会,社会,A
科技,其他,其他,A
教育,其他,教育,M
军事,其他,购物,M
军事,教育,财经,M
社会,体育,社会,M
女性健康,娱乐,女性健康,E
军事,生活,生活,E
社会,科技,教育,A
体育,女性健康,财经,E
生活,女性健康,生活,D
女性健康,科技,财经,E
其他,社会,财经,M
军事,其他,生活,D
教育,社会,社会,A
财经,科技,其他,D
体育,军事,财经,M
财经,体育,科技,D
教育,财经,军事,A
社会,体育,军事,E
教育,财经,娱乐,M
女性健康,体育,购物,E
娱乐,教育,教育,A
女性健康,生活,购物,E
娱乐,军事,生活,D
其他,科技,科技,E
娱乐,科技,科技,D
娱乐,女性健康,购物,A
教育,生活,生活,M
生活,社会,教育,E
军事,娱乐,财经,M
军事,体育,娱乐,A
其他,财经,-1,A
女性健康,科技,体育,D
财经,军事,军事,E
生活,女性健康,生活,A
教育,军事,女性健康,D
教育,其他,购物,M
科技,财经,娱乐,D
其他,生活,购物,A
购物,军事,体育,E
科技,财经,购物,A
财经,购物,其他,A
购物,女性健康,女性健康,D
其他,体育,科技,E
教育,科技,科技,A
财经,科技,娱乐,E
女性健康,体育,财经,D
生活,社会,社会,M
生活,女性健康,购物,M
社会,生活,购物,E
其他,财经,科技,D
女性健康,财经,财经,A
生活,军事,军事,D
军事,女性健康,购物,E
生活,娱乐,购物,E
财经,教育,教育,A
其他,军事,教育,E
其他,体育,生活,A
生活,女性健康,科技,M
娱乐,军事,购物,D
生活,财经,军事,A
教育,体育,女性健康,A
财经,娱乐,社会,D
教育,其他,娱乐,A
教育,购物,科技,E
购物,军事,其他,E
教育,社会,社会,M
购物,教育,女性健康,A
其他,科技,体育,E
购物,军事,体育,M
社会,科技,科技,A
军事,科技,体育,M
财经,购物,购物,M
体育,财经,教育,M
体育,军事,教育,E
体育,教育,科技,A
体育,财经,财经,A
生活,购物,军事,M
女性健康,科技,科技,A
社会,生活,军事,A
体育,科技,娱乐,A
其他,军事,社会,M
军事,女性健康,女性健康,D
科技,财经,教育,M
财经,军事,军事,A
购物,社会,社会,E
生活,社会,教育,E
社会,其他,其他,D
财经,娱乐,娱乐,M
科技,军事,科技,E
教育,社会,社会,D
购物,科技,女性健康,A
购物,科技,教育,E
女性健康,军事,体育,E
社会,财经,女性健康,M
社会,生活,军事,M
女性健康,体育,体育,M
购物,其他,军事,M
女性健康,科技,教育,M
教育,购物,体育,A
军事,科技,教育,A
军事,财经,生活,M
购物,科技,科技,A
财经,军事,科技,D
科技,财经,其他,A
娱乐,购物,体育,M
社会,科技,购物,E
娱乐,社会,社会,D
其他,教育,娱乐,M
体育,教育,体育,D
生活,购物,教育,D
体育,科技,社会,A
科技,女性健康,科技,A
女性健康,社会,社会,E
社会,生活,社会,M
娱乐,财经,娱乐,E
教育,其他,生活,E
社会,军事,科技,A
社会,娱乐,体育,M
娱乐,财经,社会,E
体育,购物,其他,E
生活,女性健康,娱乐,E
女性健康,教育,体育,M
其他,教育,购物,D
女性健康,军事,财经,M
女性健康,财经,财经,E
女性健康,其他,教育,A
购物,生活,生活,M
生活,财经,社会,E
体育,娱乐,生活,E
娱乐,科技,体育,D
女性健康,体育,体育,M
科技,其他,娱乐,D
社会,女性健康,社会,E
其他,购物,体育,A
财经,购物,科技,E
体育,财经,教育,D
社会,科技,财经,M
其他,科技,教育,M
军事,其他,娱乐,M
财经,社会,体育,E
娱乐,军事,军事,A
体育,教育,军事,M
科技,财经,教育,M
娱乐,生活,生活,M
娱乐,科技,军事,D
娱乐,体育,女性健康,E
娱乐,财经,体育,M
军事,其他,体育,M
娱乐,体育,教育,A
女性健康,购物,体育,D
女性健康,教育,教育,E
体育,军事,生活,D
女性健康,教育,生活,A
体育,女性健康,科技,E
教育,娱乐,社会,D
科技,军事,购物,D
财经,女性健康,体育,M
军事,社会,娱乐,E
体育,女性健康,财经,D
军事,女性健康,购物,M
购物,社会,其他,E
社会,娱乐,教育,A
购物,科技,财经,A
购物,军事,教育,A
其他,社会,科技,A
科技,女性健康,教育,A
社会,其他,财经,E
科技,女性健康,科技,D
社会,军事,科技,E
女性健康,其他,科技,D
财经,科技,生活,D
教育,娱乐,社会,M
其他,女性健康,科技,M
其他,体育,其他,D
军事,购物,生活,E
社会,教育,科技,D
购物,体育,教育,D
娱乐,教育,生活,M
生活,科技,军事,A
教育,体育,体育,E
财经,科技,科技,M
财经,其他,其他,D
社会,女性健康,科技,M
体育,军事,购物,A
生活,科技,娱乐,E
购物,社会,生活,D
生活,其他,军事,M
军事,生活,财经,M
生活,财经,体育,M
科技,购物,购物,M
教育,其他,女性健康,E
社会,体育,其他,A
体育,生活,军事,A
其他,体育,科技,M
女性健康,教育,军事,E
购物,生活,购物,D
其他,购物,社会,D
社会,生活,社会,M
女性健康,社会,其他,M
体育,女性健康,教育,D
教育,购物,体育,M
女性健康,生活,生活,E
娱乐,军事,财经,D
其他,娱乐,社会,E
购物,教育,军事,M
女性健康,娱乐,军事,M
教育,女性健康,女性健康,M
军事,体育,生活,E
教育,军事,娱乐,M
军事,其他,体育,M
体育,教育,军事,D
购物,娱乐,女性健康,M
其他,军事,财经,E
社会,娱乐,财经,D
生活,财经,教育,M
女性健康,体育,教育,M
科技,其他,其他,E
娱乐,其他,购物,M
财经,教育,女性健康,E
其他,科技,生活,E
购物,军事,科技,E
生活,体育,财经,D
购物,社会,娱乐,A
女性健康,教育,娱乐,E
其他,教育,-1,E
其他,女性健康,女性健康,E
娱乐,科技,教育,E
其他,生活,购物,D
社会,购物,购物,E
军事,财经,军事,E
娱乐,其他,女性健康,A
教育,科技,女性健康,E
娱乐,体育,女性健康,D
财经,社会,科技,A
教育,购物,其他,M
其他,科技,科技,A
其他,女性健康,女性健康,A
其他,教育,教育,E
生活,女性健康,体育,M
教育,科技,科技,E
社会,其他,其他,M
科技,军事,军事,M
军事,女性健康,教育,E
体育,社会,体育,A
生活,教育,体育,A
社会,女性健康,社会,M
财经,社会,科技,D
生活,科技,购物,E
女性健康,军事,购物,A
娱乐,娱乐,-1,D
教育,购物,娱乐,A
社会,体育,其他,D
体育,财经,财经,A
其他,军事,教育,D
科技,购物,购物,M
其他,女性健康,军事,A
购物,生活,军事,M
教育,其他,社会,E
财经,其他,教育,A
财经,社会,军事,A
财经,教育,教育,E
其他,体育,女性健康,E
女性健康,其他,军事,A
购物,社会,购物,D
社会,科技,社会,E
教育,科技,军事,D
女性健康,军事,其他,D
社会,教育,体育,E
教育,社会,女性健康,M
购物,女性健康,娱乐,D
财经,科技,体育,E
其他,教育,女性健康,E
其他,财经,生活,A
女性健康,娱乐,军事,A
教育,女性健康,科技,A
体育,财经,财经,M
社会,教育,购物,D
购物,娱乐,社会,E
体育,财经,生活,D
科技,生活,其他,M
其他,科技,科技,D
女性健康,军事,教育,E
教育,生活,生活,D
财经,购物,财经,E
女性健康,其他,女性健康,A
科技,体育,其他,E
军事,女性健康,女性健康,A
教育,女性健康,购物,A
女性健康,其他,社会,A
教育,购物,购物,A
女性健康,娱乐,娱乐,A
社会,娱乐,军事,D
其他,财经,社会,M
体育,社会,财经,E
购物,娱乐,财经,D
财经,体育,体育,D
生活,军事,生活,M
体育,社会,娱乐,A
购物,教育,军事,M
教育,财经,其他,D
社会,生活,其他,E
社会,其他,女性健康,M
教育,教育,-1,D
其他,社会,购物,D
女性健康,购物,体育,E
财经,社会,社会,M
科技,购物,财经,M
军事,娱乐,购物,E
娱乐,购物,教育,D
体育,娱乐,娱乐,D
军事,其他,社会,D
教育,社会,科技,A
军事,教育,财经,A
财经,科技,社会,D
娱乐,军事,社会,D
女性健康,娱乐,科技,D
娱乐,购物,财经,E
女性健康,军事,教育,E
购物,其他,财经,D
生活,体育,女性健康,D
其他,体育,科技,D
财经,教育,社会,E
购物,生活,体育,E
女性健康,其他,科技,D
女性健康,购物,教育,D
生活,体育,社会,M
其他,科技,生活,M
社会,财经,教育,A
教育,军事,购物,D
女性健康,体育,生活,A
科技,其他,科技,M
其他,财经,娱乐,M
娱乐,军事,体育,M
社会,军事,体育,D
生活,财经,教育,E
社会,女性健康,女性健康,M
娱乐,财经,财经,A
购物,教育,科技,D
军事,其他,科技,D
社会,体育,体育,M
财经,教育,女性健康,A
体育,军事,女性健康,D
军事,生活,购物,M
女性健康,体育,其他,M
财经,教育,财经,D
女性健康,社会,财经,A
军事,娱乐,体育,A
科技,购物,女性健康,D
购物,生活,娱乐,M
其他,财经,娱乐,A
科技,社会,购物,D
娱乐,体育,购物,D
军事,购物,社会,A
军事,购物,其他,E
体育,财经,军事,A
科技,军事,科技,E
娱乐,生活,生活,A
体育,购物,财经,D
科技,购物,娱乐,D
其他,体育,科技,A
社会,教育,教育,A
体育,购物,财经,E
生活,军事,生活,E
购物,其他,娱乐,M
购物,科技,娱乐,D
购物,教育,生活,E
科技,女性健康,科技,E
体育,教育,女性健康,M
科技,教育,-1,M
教育,女性健康,教育,D
生活,娱乐,娱乐,D
生活,社会,科技,M
财经,军事,军事,M
生活,娱乐,购物,E
生活,娱乐,体育,A
其他,社会,社会,D
其他,教育,科技,M
科技,女性健康,教育,D
女性健康,财经,其他,D
女性健康,军事,体育,D
娱乐,女性健康,女性健康,M
购物,科技,教育,D
女性健康,科技,娱乐,A
女性健康,其他,教育,E
教育,其他,科技,M
购物,体育,科技,D
生活,女性健康,体育,A
财经,社会,娱乐,D
其他,社会,财经,A
军事,社会,社会,E
其他,教育,女性健康,E
其他,生活,军事,E
科技,军事,军事,M
体育,女性健康,军事,D
购物,科技,教育,D
娱乐,军事,购物,D
军事,教育,社会,M
体育,生活,生活,E
其他,娱乐,娱乐,D
教育,社会,娱乐,D
军事,购物,社会,E
科技,教育,娱乐,D
其他,生活,生活,A
教育,军事,社会,A
社会,教育,科技,A
教育,社会,购物,E
教育,体育,财经,D
科技,女性健康,其他,M
生活,军事,生活,A
其他,娱乐,科技,E
教育,财经,其他,A
社会,体育,其他,A
科技,女性健康,社会,M
女性健康,教育,教育,D
生活,购物,生活,E
教育,娱乐,社会,D
生活,财经,娱乐,A
社会,其他,社会,A
教育,财经,生活,E
社会,体育,女性健康,E
社会,教育,-1,M
生活,财经,其他,M
其他,社会,购物,E
科技,娱乐,社会,A
女性健康,购物,社会,E
财经,生活,军事,E
军事,教育,社会,A
生活,军事,教育,D
娱乐,娱乐,-1,M
女性健康,科技,军事,M
财经,购物,军事,A
财经,教育,财经,D
军事,娱乐,社会,D
购物,社会,购物,E
教育,购物,购物,D
社会,体育,教育,D
财经,生活,社会,E
娱乐,军事,军事,M
科技,科技,-1,M
教育,军事,教育,A
军事,财经,财经,A
社会,生活,体育,D
购物,财经,体育,D
教育,社会,教育,D
购物,其他,社会,A
娱乐,体育,生活,A
科技,财经,生活,E
其他,生活,购物,E
生活,财经,教育,M
社会,女性健康,购物,M
社会,教育,购物,E
女性健康,军事,娱乐,M
购物,生活,购物,E
其他,体育,财经,E
体育,其他,女性健康,E
购物,娱乐,购物,A
生活,体育,财经,M
其他,娱乐,财经,M
生活,社会,其他,M
其他,财经,女性健康,D
生活,财经,财经,A
军事,教育,生活,E
社会,娱乐,其他,M
教育,社会,财经,D
购物,其他,其他,A
科技,社会,购物,A
教育,其他,其他,A
购物,其他,体育,A
社会,科技,购物,D
女性健康,娱乐,体育,M
生活,其他,其他,D
娱乐,社会,社会,E
科技,女性健康,财经,D
体育,军事,生活,D
教育,科技,科技,D
体育,购物,体育,A
教育,军事,社会,E
财经,生活,购物,E
女性健康,教育,生活,M
娱乐,女性健康,其他,A
体育,财经,生活,M
购物,体育,女性健康,D
购物,娱乐,女性健康,D
生活,娱乐,财经,M
教育,财经,科技,E
财经,教育,女性健康,D
生活,女性健康,女性健康,E
科技,生活,生活,E
购物,生活,娱乐,E
教育,科技,体育,M
女性健康,其他,教育,M
社会,娱乐,教育,D
社会,军事,教育,E
军事,女性健康,科技,E
女性健康,生活,女性健康,M
科技,购物,其他,M
其他,科技,科技,E
娱乐,购物,生活,M
娱乐,其他,军事,E
教育,其他,科技,D
教育,体育,购物,E
财经,军事,财经,E
购物,财经,体育,A
女性健康,体育,社会,E
娱乐,生活,女性健康,D
娱乐,财经,军事,D
科技,财经,财经,D
娱乐,财经,财经,D
其他,教育,-1,M
娱乐,社会,科技,E
科技,教育,教育,D
女性健康,教育,体育,M
科技,体育,社会,A
女性健康,科技,科技,D
社会,女性健康,体育,D
科技,女性健康,财经,M
生活,社会,教育,E
购物,军事,生活,M
财经,科技,教育,A
军事,科技,军事,E
其他,财经,体育,A
购物,生活,生活,A
女性健康,生活,体育,M
科技,教育,体育,A
社会,科技,科技,E
科技,购物,财经,A
购物,生活,生活,E
体育,女性健康,体育,E
生活,科技,科技,M
生活,娱乐,军事,E
其他,社会,财经,E
购物,社会,科技,A
娱乐,生活,科技,M
其他,购物,生活,A
购物,科技,其他,M
军事,女性健康,生活,E
教育,生活,社会,D
女性健康,生活,教育,A
财经,社会,财经,E
社会,财经,体育,A
体育,生活,社会,M
体育,购物,社会,D
生活,其他,生活,A
教育,财经,财经,M
生活,购物,军事,D
购物,财经,体育,A
购物,财经,财经,D
购物,军事,购物,E
生活,社会,其他,A
娱乐,财经,军事,A
女性健康,社会,军事,A
军事,娱乐,购物,E
军事,其他,科技,M
财经,军事,科技,M
体育,女性健康,科技,D
娱乐,科技,-1,D
生活,财经,军事,M
其他,体育,女性健康,E
购物,其他,娱乐,E
娱乐,军事,社会,D
财经,生活,女性健康,D
科技,生活,财经,M
体育,军事,军事,D
社会,娱乐,女性健康,A
教育,生活,社会,D
科技,购物,社会,E
生活,其他,生活,M
娱乐,其他,财经,D
体育,体育,-1,A
体育,其他,购物,D
教育,军事,女性健康,A
其他,科技,购物,A
科技,体育,购物,A
体育,购物,生活,E
教育,购物,财经,D
女性健康,购物,其他,D
生活,女性健康,生活,E
其他,购物,教育,A
军事,社会,其他,A
其他,财经,科技,M
教育,军事,军事,D
娱乐,社会,科技,E
生活,娱乐,生活,A
其他,购物,生活,M
社会,娱乐,购物,M
生活,科技,娱乐,A
购物,社会,科技,M
财经,娱乐,财经,D
教育,女性健康,财经,E
其他,娱乐,其他,M
财经,生活,财经,M
生活,财经,教育,E
社会,购物,女性健康,D
社会,体育,教育,E
娱乐,女性健康,其他,A
购物,军事,社会,D
娱乐,社会,其他,E
体育,其他,生活,D
女性健康,体育,财经,A
生活,社会,其他,E
科技,体育,社会,A
教育,女性健康,社会,D
科技,生活,生活,A
军事,科技,财经,M
女性健康,教育,军事,A
社会,军事,军事,M
教育,军事,军事,D
女性健康,娱乐,娱乐,M
其他,教育,军事,M
军事,社会,军事,A
社会,军事,军事,E
教育,社会,生活,M
财经,军事,军事,E
其他,生活,科技,E
生活,科技,娱乐,M
生活,社会,娱乐,E
军事,社会,科技,M
教育,购物,生活,E
教育,生活,社会,E
女性健康,社会,教育,A
体育,财经,娱乐,D
教育,女性健康,生活,E
教育,女性健康,体育,A
教育,财经,社会,M
娱乐,军事,财经,A
科技,生活,财经,A
财经,娱乐,体育,E
科技,生活,女性健康,M
其他,军事,其他,M
生活,娱乐,财经,E
军事,科技,科技,D
娱乐,社会,财经,E
生活,社会,其他,A
娱乐,女性健康,娱乐,E
购物,军事,军事,E
女性健康,购物,财经,E
体育,社会,社会,M
社会,其他,购物,M
科技,财经,生活,E
军事,购物,女性健康,D
教育,财经,购物,D
女性健康,教育,教育,A
社会,科技,社会,M
娱乐,社会,财经,E
其他,体育,科技,D
其他,科技,教育,D
购物,女性健康,社会,M
购物,女性健康,体育,M
教育,科技,生活,E
财经,教育,财经,D
社会,军事,体育,D
教育,购物,财经,E
购物,其他,购物,D
社会,购物,体育,M
社会,生活,生活,A
生活,科技,军事,E
娱乐,财经,科技,A
购物,财经,生活,D
娱乐,其他,科技,A
体育,其他,教育,M
娱乐,社会,军事,M
体育,社会,生活,D
娱乐,购物,教育,D
教育,其他,女性健康,M
体育,购物,体育,D
女性健康,生活,生活,E
财经,娱乐,娱乐,A
社会,购物,体育,A
购物,体育,生活,E
体育,军事,体育,D
社会,体育,科技,D
女性健康,科技,科技,M
其他,社会,购物,M
体育,财经,购物,E
社会,娱乐,财经,E
军事,娱乐,生活,D
生活,其他,生活,A
娱乐,其他,军事,A
教育,生活,军事,E
军事,生活,财经,E
购物,体育,女性健康,D
社会,军事,女性健康,M
科技,教育,购物,E
体育,教育,女性健康,A
军事,体育,生活,A
科技,财经,体育,A
娱乐,科技,教育,D
女性健康,购物,娱乐,E
体育,购物,财经,D
购物,女性健康,娱乐,D
科技,教育,其他,A
教育,生活,科技,A
娱乐,体育,体育,E
体育,女性健康,社会,E
其他,女性健康,女性健康,D
科技,娱乐,其他,M
生活,军事,生活,A
购物,财经,教育,M
军事,财经,社会,M
军事,女性健康,其他,M
社会,体育,财经,D
娱乐,财经,军事,D
教育,生活,生活,D
体育,女性健康,科技,A
体育,体育,-1,M
女性健康,生活,军事,E
娱乐,女性健康,购物,D
女性健康,娱乐,财经,D
女性健康,科技,娱乐,A
科技,娱乐,体育,E
购物,科技,科技,A
生活,其他,其他,E
女性健康,购物,科技,A
购物,女性健康,女性健康,E
娱乐,社会,社会,A
娱乐,财经,科技,A
购物,财经,社会,D
其他,体育,娱乐,M
教育,军事,女性健康,M
娱乐,财经,女性健康,M
教育,科技,科技,D
娱乐,购物,军事,D
教育,社会,生活,M
女性健康,购物,教育,M
女性健康,军事,财经,E
教育,生活,科技,E
其他,生活,科技,D
购物,其他,女性健康,M
社会,生活,生活,M
社会,娱乐,科技,M
社会,军事,军事,E
教育,体育,体育,M
其他,军事,女性健康,D
教育,军事,体育,E
财经,科技,购物,A
购物,财经,购物,D
军事,女性健康,教育,D
女性健康,其他,其他,D
娱乐,财经,娱乐,E
其他,科技,女性健康,E
生活,体育,娱乐,A
教育,军事,教育,A
社会,体育,生活,D
娱乐,生活,财经,E
科技,教育,社会,D
财经,社会,财经,A
娱乐,教育,财经,D
科技,娱乐,购物,M
女性健康,财经,体育,A
科技,购物,购物,D
娱乐,社会,教育,E
生活,军事,体育,M
教育,女性健康,其他,D
军事,生活,科技,A
社会,教育,体育,E
科技,社会,财经,D
财经,生活,体育,M
社会,军事,财经,A
购物,娱乐,教育,E
体育,社会,体育,D
生活,财经,女性健康,D
社会,生活,生活,E
社会,女性健康,其他,M
娱乐,社会,财经,A
女性健康,科技,财经,D
购物,其他,体育,M
娱乐,社会,教育,E
生活,教育,女性健康,E
购物,社会,女性健康,E
财经,社会,购物,D
生活,体育,体育,E
生活,娱乐,娱乐,A
其他,军事,其他,D
体育,其他,财经,D
生活,女性健康,购物,E
财经,科技,军事,D
科技,其他,娱乐,M
女性健康,军事,财经,M
财经,军事,女性健康,A
女性健康,其他,女性健康,M
娱乐,教育,教育,A
科技,军事,生活,D
购物,娱乐,女性健康,A
购物,体育,生活,E
生活,其他,体育,E
科技,生活,教育,E
财经,体育,科技,A
娱乐,社会,生活,A
科技,财经,社会,A
科技,购物,娱乐,D
其他,军事,财经,E
科技,体育,财经,A
购物,社会,体育,A
女性健康,其他,女性健康,M
财经,其他,社会,M
购物,女性健康,女性健康,D
生活,教育,女性健康,D
教育,社会,生活,E
体育,购物,科技,A
其他,生活,社会,A
生活,教育,-1,A
其他,军事,娱乐,M
军事,体育,其他,A
娱乐,娱乐,-1,M
女性健康,教育,教育,D
科技,教育,女性健康,E
军事,社会,生活,A
科技,其他,其他,D
娱乐,购物,-1,A
娱乐,其他,军事,D
其他,军事,教育,D
购物,军事,社会,E
军事,生活,社会,E
女性健康,军事,娱乐,M
女性健康,生活,军事,A
购物,教育,军事,A
军事,娱乐,购物,M
娱乐,教育,军事,M
体育,科技,女性健康,A
女性健康,财经,体育,E
社会,女性健康,科技,E
社会,购物,女性健康,M
科技,生活,教育,M
体育,娱乐,科技,E
科技,购物,购物,M
购物,女性健康,购物,M
其他,购物,军事,M
生活,女性健康,体育,E
科技,娱乐,体育,E
女性健康,体育,社会,M
科技,财经,女性健康,M
财经,军事,体育,M
购物,女性健康,生活,M
社会,生活,其他,A
女性健康,社会,财经,D
娱乐,财经,女性健康,D
教育,购物,科技,E
教育,购物,女性健康,D
军事,社会,科技,M
财经,科技,女性健康,M
购物,生活,财经,M
财经,体育,教育,E
社会,体育,财经,D
女性健康,军事,社会,E
女性健康,科技,购物,A
体育,财经,女性健康,M
教育,女性健康,女性健康,E
社会,体育,其他,A
财经,其他,体育,E
军事,娱乐,财经,D
体育,生活,教育,A
生活,军事,娱乐,D
军事,社会,社会,D
购物,其他,财经,D
财经,军事,科技,D
娱乐,生活,体育,D
生活,科技,科技,M
娱乐,购物,其他,M
社会,科技,购物,A
社会,军事,体育,M
购物,社会,体育,D
财经,购物,女性健康,M
生活,军事,财经,D
科技,购物,购物,A
体育,教育,娱乐,M
教育,社会,财经,D
军事,购物,购物,M
女性健康,社会,女性健康,D
其他,军事,科技,E
购物,生活,社会,M
其他,体育,生活,E
娱乐,生活,生活,M
社会,娱乐,教育,M
其他,生活,购物,D
娱乐,教育,军事,M
女性健康,财经,生活,M
生活,财经,财经,A
生活,娱乐,体育,M
财经,科技,生活,E
娱乐,军事,女性健康,D
生活,体育,教育,D
其他,女性健康,-1,D
教育,社会,教育,D
科技,其他,科技,E
娱乐,教育,社会,A
娱乐,军事,军事,E
社会,军事,购物,M
社会,其他,女性健康,D
科技,其他,生活,M
女性健康,购物,教育,D
体育,其他,社会,A
教育,其他,科技,D
女性健康,其他,娱乐,E
财经,科技,军事,A
社会,教育,-1,D
生活,娱乐,其他,A
教育,女性健康,生活,E
购物,娱乐,娱乐,M
军事,财经,其他,M
女性健康,财经,教育,D
其他,社会,娱乐,A
其他,购物,科技,M
财经,女性健康,教育,A
军事,生活,体育,D
教育,科技,财经,A
教育,军事,教育,E
生活,购物,娱乐,E
财经,体育,女性健康,A
娱乐,其他,体育,A
购物,财经,财经,M
其他,教育,女性健康,A
财经,购物,其他,D
教育,科技,女性健康,D
财经,军事,其他,E
财经,科技,科技,A
教育,军事,生活,E
财经,其他,其他,M
科技,科技,-1,A
娱乐,女性健康,科技,E
其他,购物,财经,D
教育,其他,军事,E
科技,娱乐,生活,A
体育,其他,体育,M
军事,生活,女性健康,E
生活,社会,生活,D
军事,购物,娱乐,D
教育,生活,生活,E
社会,教育,娱乐,D
购物,科技,科技,D
其他,军事,财经,E
女性健康,购物,教育,M
娱乐,教育,社会,M
财经,娱乐,科技,M
生活,科技,科技,E
体育,教育,女性健康,A
科技,其他,财经,M
其他,财经,财经,M
科技,社会,体育,A
财经,生活,科技,E
其他,体育,娱乐,D
购物,财经,军事,D
军事,其他,军事,M
军事,财经,教育,E
其他,教育,教育,D
娱乐,女性健康,其他,D
其他,购物,财经,E
教育,军事,体育,M
财经,购物,娱乐,A
军事,社会,娱乐,M
社会,娱乐,军事,M
科技,体育,娱乐,A
女性健康,其他,军事,D
科技,生活,财经,E
娱乐,科技,科技,M
女性健康,娱乐,社会,M
财经,其他,科技,A
财经,女性健康,社会,M
军事,购物,体育,E
生活,科技,科技,M
娱乐,体育,体育,E
娱乐,财经,教育,M
购物,娱乐,教育,D
科技,女性健康,财经,A
社会,体育,体育,E
体育,科技,其他,E
女性健康,军事,财经,D
购物,科技,其他,D
科技,女性健康,女性健康,M
社会,娱乐,体育,M
社会,购物,购物,A
购物,社会,教育,E
购物,社会,生活,M
军事,娱乐,科技,A
娱乐,生活,其他,D
体育,科技,军事,D
财经,娱乐,社会,D
科技,体育,购物,A
购物,体育,财经,E
体育,科技,军事,A
科技,其他,教育,M
其他,生活,生活,M
购物,科技,女性健康,M
女性健康,购物,生活,D
社会,生活,购物,D
娱乐,生活,生活,M
其他,科技,科技,E
女性健康,社会,女性健康,A
购物,社会,体育,M
体育,社会,体育,D
社会,其他,体育,D
科技,体育,女性健康,E
其他,体育,购物,D
购物,社会,科技,M
购物,生活,科技,E
军事,女性健康,科技,M
娱乐,购物,生活,M
女性健康,体育,教育,E
财经,社会,军事,E
科技,教育,教育,A
科技,体育,财经,D
科技,女性健康,科技,D
财经,教育,其他,E
社会,生活,娱乐,M
其他,军事,财经,D
娱乐,社会,军事,E
购物,生活,生活,D
女性健康,教育,娱乐,E
购物,女性健康,军事,E
科技,社会,社会,E
娱乐,军事,生活,E
女性健康,科技,财经,E
生活,社会,科技,M
生活,体育,娱乐,A
教育,购物,女性健康,A
体育,财经,科技,A
其他,生活,军事,D
财经,体育,军事,E
娱乐,生活,军事,E
体育,其他,生活,E
财经,娱乐,女性健康,A
教育,生活,生活,D
军事,其他,财经,M
社会,财经,财经,D
体育,军事,体育,M
女性健康,购物,购物,A
军事,女性健康,女性健康,A
购物,教育,科技,E
生活,军事,科技,E
体育,女性健康,社会,A
社会,女性健康,教育,D
体育,军事,社会,A
体育,购物,军事,D
女性健康,其他,购物,A
体育,其他,社会,D
女性健康,购物,教育,E
军事,女性健康,财经,D
社会,女性健康,财经,E
财经,科技,财经,D
科技,女性健康,社会,E
生活,女性健康,购物,E
购物,科技,财经,D
社会,科技,军事,A
财经,军事,科技,D
女性健康,娱乐,女性健康,D
教育,其他,生活,E
娱乐,财经,科技,M
社会,购物,财经,A
购物,娱乐,购物,D
社会,女性健康,科技,E
其他,女性健康,体育,E
购物,女性健康,生活,D
女性健康,军事,女性健康,E
购物,其他,体育,M
科技,财经,女性健康,E
女性健康,生活,女性健康,A
科技,军事,军事,M
科技,教育,教育,D
娱乐,科技,体育,M
财经,购物,女性健康,M
社会,科技,科技,E
女性健康,其他,财经,M
其他,生活,财经,A
体育,科技,科技,D
社会,其他,社会,M
生活,购物,购物,E
教育,科技,科技,M
教育,科技,生活,E
其他,女性健康,体育,E
科技,体育,体育,M
生活,体育,教育,M
体育,娱乐,生活,D
军事,科技,财经,D
财经,体育,女性健康,D
其他,财经,财经,D
体育,军事,军事,A
体育,社会,生活,A
科技,体育,社会,A
体育,教育,体育,A
购物,财经,女性健康,A
其他,生活,购物,D
购物,购物,-1,E
财经,其他,科技,M
教育,社会,生活,A
教育,财经,军事,M
女性健康,其他,体育,M
军事,女性健康,财经,A
财经,体育,生活,A
社会,购物,购物,D
军事,财经,军事,M
社会,女性健康,购物,D
女性健康,教育,女性健康,A
体育,军事,体育,M
社会,生活,其他,M
体育,购物,教育,M
体育,其他,其他,A
社会,体育,体育,D
其他,社会,教育,A
教育,娱乐,军事,E
财经,社会,财经,E
其他,购物,教育,E
财经,娱乐,财经,A
生活,教育,体育,E
娱乐,体育,购物,E
军事,教育,教育,E
教育,生活,社会,A
军事,科技,其他,A
娱乐,社会,社会,D
体育,财经,娱乐,A
娱乐,购物,财经,E
体育,女性健康,购物,A
教育,生活,科技,M
其他,体育,其他,D
科技,财经,体育,M
生活,军事,教育,E
其他,科技,教育,D
财经,教育,生活,A
购物,科技,女性健康,M
教育,体育,购物,A
娱乐,购物,体育,M
教育,财经,社会,M
教育,体育,体育,D
教育,军事,社会,M
社会,生活,体育,D
科技,购物,体育,A
娱乐,科技,财经,A
娱乐,科技,财经,A
生活,军事,教育,M
娱乐,财经,军事,A
科技,生活,生活,E
其他,体育,科技,A
女性健康,教育,教育,E
财经,女性健康,教育,D
科技,生活,生活,D
娱乐,体育,购物,A
军事,女性健康,教育,D
女性健康,教育,娱乐,E
娱乐,科技,女性健康,D
购物,女性健康,生活,M
军事,其他,女性健康,A
体育,教育,其他,M
军事,科技,生活,E
购物,其他,军事,E
军事,生活,女性健康,D
娱乐,军事,军事,A
女性健康,生活,生活,M
娱乐,购物,-1,M
其他,军事,社会,D
社会,购物,女性健康,A
财经,生活,财经,E
教育,生活,教育,E
娱乐,社会,社会,D
教育,体育,财经,A
军事,科技,科技,M
军事,购物,教育,E
体育,娱乐,科技,D
社会,娱乐,军事,E
社会,生活,女性健康,M
教育,购物,生活,A
社会,体育,女性健康,M
生活,科技,体育,M
体育,女性健康,女性健康,D
教育,娱乐,教育,E
其他,财经,军事,D
娱乐,购物,购物,D
财经,生活,社会,A
体育,娱乐,社会,A
其他,财经,-1,M
财经,女性健康,娱乐,D
财经,娱乐,其他,M
其他,娱乐,娱乐,D
教育,其他,娱乐,A
科技,其他,体育,D
购物,科技,其他,A
购物,教育,教育,E
购物,生活,女性健康,A
女性健康,军事,教育,M
其他,军事,娱乐,M
其他,科技,教育,D
科技,财经,女性健康,A
其他,军事,军事,M
生活,生活,-1,E
社会,女性健康,生活,E
女性健康,财经,社会,E
体育,军事,其他,M
生活,购物,女性健康,D
其他,娱乐,社会,A
科技,财经,财经,E
体育,军事,军事,E
教育,生活,女性健康,D
教育,体育,其他,D
科技,其他,社会,A
购物,科技,科技,M
教育,军事,生活,E
购物,女性健康,军事,D
体育,科技,科技,D
生活,财经,财经,D
女性健康,财经,军事,A
社会,体育,女性健康,D
社会,其他,娱乐,A
社会,购物,体育,A
体育,科技,科技,A
军事,娱乐,购物,A
其他,生活,科技,A
其他,购物,军事,A
女性健康,购物,购物,E
社会,教育,生活,E
财经,军事,科技,A
娱乐,女性健康,女性健康,M
财经,购物,购物,M
科技,女性健康,生活,E
社会,其他,教育,A
教育,军事,生活,M
体育,财经,购物,E
财经,生活,生活,M
财经,教育,教育,A
娱乐,教育,其他,E
财经,购物,军事,A
财经,教育,体育,D
社会,购物,体育,A
体育,科技,其他,E
财经,教育,教育,M
购物,社会,社会,D
娱乐,生活,教育,A
购物,生活,教育,A
女性健康,生活,军事,M
购物,军事,教育,M
教育,社会,女性健康,E
财经,其他,科技,D
娱乐,科技,其他,E
购物,军事,生活,M
科技,军事,其他,A
体育,社会,其他,E
体育,军事,科技,D
教育,女性健康,财经,D
生活,体育,教育,M
生活,军事,科技,D
娱乐,财经,财经,E
购物,娱乐,娱乐,D
体育,女性健康,科技,D
财经,娱乐,科技,D
生活,科技,科技,A
生活,财经,体育,M
社会,财经,财经,A
军事,体育,科技,A
购物,女性健康,科技,M
教育,女性健康,体育,E
军事,社会,财经,D
体育,教育,其他,A
教育,体育,军事,M
军事,女性健康,社会,D
教育,购物,社会,A
科技,生活,购物,E
社会,科技,科技,E
社会,军事,军事,D
教育,其他,社会,A
财经,女性健康,社会,D
娱乐,军事,财经,A
教育,女性健康,科技,E
其他,军事,女性健康,D
购物,其他,财经,E
教育,财经,财经,E
女性健康,科技,购物,D
购物,科技,体育,A
其他,军事,其他,D
其他,娱乐,军事,D
科技,生活,购物,D
娱乐,财经,生活,M
生活,军事,其他,E
娱乐,教育,教育,E
教育,体育,购物,M
财经,女性健康,娱乐,A
女性健康,军事,财经,D
财经,军事,其他,D
体育,军事,购物,D
教育,体育,科技,E
体育,体育,-1,A
军事,女性健康,其他,A
女性健康,财经,财经,M
教育,生活,女性健康,E
财经,科技,科技,D
财经,科技,体育,M
其他,女性健康,娱乐,M
教育,女性健康,财经,A
军事,教育,社会,D
科技,军事,生活,D
购物,财经,教育,M
女性健康,社会,军事,M
娱乐,科技,生活,M
